{"schemaVersion":"1.0","appDefinitionTemplate":{"id":"/providers/Microsoft.PowerApps/apps/","type":"Microsoft.PowerApps/apps","tags":{"primaryDeviceWidth":"1366","primaryDeviceHeight":"768","sienaVersion":"20220128T154140Z-3.21124.16.0","deviceCapabilities":"webcam","supportsPortrait":"true","supportsLandscape":"true","primaryFormFactor":"Tablet","publisherVersion":"3.21124.16","minimumRequiredApiVersion":"2.2.0","hasComponent":"true","hasUnlockedComponent":"true","isUnifiedRootApp":"false"},"properties":{"appVersion":"2022-01-28T15:41:40Z","lifeCycleId":"Published","createdByClientVersion":{"major":3,"minor":21124,"build":16,"revision":0,"majorRevision":0,"minorRevision":0},"minClientVersion":{"major":3,"minor":21124,"build":16,"revision":0,"majorRevision":0,"minorRevision":0},"backgroundColor":"RGBA(0,176,240,1)","backgroundImageUri":"/14525017287332450790/N2a73a3f9-8302-4707-8e33-e367bfeac96a-logoSmallFile","displayName":"LoginApp","description":"","commitMessage":"","appUris":{"documentUri":{"value":"/14525017287332450790/Nb41b5977-6a7e-4dc9-aff7-d6dce437144e-document.msapp"},"imageUris":[]},"createdTime":"0001-01-01T00:00:00Z","lastModifiedTime":"0001-01-01T00:00:00Z","sharedGroupsCount":0,"sharedUsersCount":0,"icons":{"smallIconUri":"/14525017287332450790/N78813e8b-3227-425b-8839-a41b62841ddf-small.png","mediumIconUri":"/14525017287332450790/N48599dac-dd41-4efc-bb63-6d0113b9d33d-medium.png","largeIconUri":"/14525017287332450790/N388cf565-fc73-4b88-9b3d-63fd7dd29adf-large.png","wideIconUri":"/14525017287332450790/Nbdbd60c9-98aa-4694-9b4a-1714744d1a76-wide.png"},"connectionReferences":{"59f58076-30a5-48ef-9dd7-edc386dd88ff":{"id":"b32147c3-ca01-4abe-a04c-3a8f0f883cd4","displayName":"SharePoint","iconUri":"https://connectoricons-prod.azureedge.net/releases/v1.0.1546/1.0.1546.2667/sharepointonline/icon.png","dataSources":["Login","AdminLogin","RequestTimeOff_1"],"dependencies":[],"dependents":[],"parameterHints":{},"parameterHintsV2":{},"isOnPremiseConnection":false,"bypassConsent":false,"dataSets":{"https://justlikeso.sharepoint.com/sites/Reva":{"dataSources":{"Login":{"tableName":"3d90f333-8f75-464c-9650-52c7a513b3d3"},"AdminLogin":{"tableName":"d6970774-c722-4ee2-afb6-13783076dbab"}}},"https://justlikeso.sharepoint.com/sites/Reva/":{"dataSources":{"RequestTimeOff_1":{"tableName":"31adb93a-46c3-4809-bf09-a26f62585afd"}}}},"apiTier":"Standard","isCustomApiConnection":false,"actions":["providers/PowerPlatform.Governance/Operations/Read","providers/PowerPlatform.Governance/Operations/Write"]},"18487937-c682-464e-9cfb-8944da1bca5b":{"id":"f11bd8ff-2ea5-498f-937d-3ed5e3346acc","displayName":"Office 365 Outlook","iconUri":"https://connectoricons-prod.azureedge.net/releases/v1.0.1538/1.0.1538.2621/office365/icon.png","dataSources":["Office365Outlook"],"dependencies":[],"dependents":[],"parameterHints":{},"parameterHintsV2":{},"isOnPremiseConnection":false,"bypassConsent":false,"dataSets":{},"apiTier":"Standard","isCustomApiConnection":false,"actions":["SendEmail"]},"6475e83b-c399-41e8-a082-3032b13ff04a":{"id":"4ed587e7-1580-443c-84a9-eff09bf4bc01","displayName":"Office 365 Users","iconUri":"https://connectoricons-prod.azureedge.net/releases/v1.0.1528/1.0.1528.2589/office365users/icon.png","dataSources":["Office365Users"],"dependencies":[],"dependents":[],"parameterHints":{},"parameterHintsV2":{},"isOnPremiseConnection":false,"bypassConsent":false,"dataSets":{},"apiTier":"Standard","isCustomApiConnection":false}},"databaseReferences":{},"almMode":"Environment","performanceOptimizationEnabled":true,"canConsumeAppPass":true,"executionRestrictions":{"isTeamsOnly":false,"dataLossPreventionEvaluationResult":{"status":"Compliant","lastEvaluationDate":"2022-01-12T15:42:26.377104Z","violations":[],"violationsByPolicy":[],"violationErrorMessage":"The app uses the following connectors: ."}}},"appType":"ClassicCanvasApp","appComponents":[]}}